0,0,0,0,0,0,0,0,0,0,0,0,0,0,0,0,0,0,0,0,0,0,0,0,0,0,0,0,0,0,0,0,0,0,0,0,0,0,0,0,0,0,0,0,0,0,0,0,0,0,0,0,0,0,0,0,0,0,0,0,0,0,0,0
0,0,0,0,0,0,0,0,0,0,0,0,0,0,0,0,0,0,0,0,0,0,0,0,0,0,0,0,0,0,0,0,0,0,0,0,0,0,0,0,0,0,0,0,0,0,0,0,0,0,0,0,0,0,0,0,0,0,0,0,0,0,0,0
0,0,0,0,0,0,0,0,0,0,0,0,0,0,0,0,0,0,0,0,0,0,0,0,0,0,0,0,0,0,0,0,0,0,0,0,0,0,0,0,0,0,0,0,0,0,0,0,0,0,0,0,0,0,0,0,0,0,0,0,0,0,0,0
0,0,0,0,0,0,0,0,0,0,0,0,0,0,0,0,0,0,0,0,0,0,0,0,0,0,0,0,0,0,0,0,0,0,0,0,0,0,0,0,0,0,0,0,0,0,0,0,0,0,0,0,0,0,0,0,0,0,0,0,0,0,0,0
0,0,0,0,0,0,0,0,0,0,0,0,0,0,0,0,0,0,0,0,0,0,0,0,0,0,0,0,0,0,0,0,0,0,0,0,0,0,0,0,0,0,0,2,0,0,0,0,0,0,0,0,0,0,0,0,0,0,0,0,0,0,0,0
0,0,0,0,0,0,0,0,0,0,0,0,0,0,0,0,0,0,0,0,0,0,0,0,0,0,0,0,0,0,0,0,0,0,0,0,0,0,0,0,0,0,7,9,0,0,0,0,0,0,0,0,0,0,0,0,0,0,0,0,0,0,0,0
0,0,0,0,0,0,0,0,0,0,0,0,0,0,0,0,0,0,0,0,0,0,0,0,0,0,0,0,0,0,0,0,0,0,0,0,0,0,0,0,1,7,33,36,9,1,0,0,0,0,0,0,0,0,0,3,0,0,0,0,0,0,0,0
0,0,0,0,0,0,0,0,2,4,12,2,2,6,1,0,0,0,0,0,0,0,0,0,0,0,0,0,0,0,0,0,0,0,0,0,0,0,0,0,0,10,69,24,12,0,0,0,0,0,0,0,0,0,32,152,12,1,1,0,0,0,0,0
0,0,0,0,0,0,0,5,16,49,34,22,17,25,39,0,0,0,0,0,0,0,0,1,0,0,0,0,0,0,0,0,0,0,0,0,0,1,0,8,12,4,4,29,1,0,0,0,0,0,1,8,98,98,57,79,36,55,0,0,0,0,0,0
0,0,0,0,0,0,0,3,23,159,142,213,106,141,17,2,0,0,0,0,0,0,12,9,16,9,1,0,0,0,0,0,0,0,0,1,0,4,29,76,161,13,1,1,0,0,0,0,0,0,24,169,201,184,96,53,51,16,5,0,0,0,0,0
0,0,0,0,0,0,0,1,14,63,273,177,190,122,35,4,0,0,0,0,0,1,9,101,452,214,17,0,0,0,0,0,0,0,0,3,17,66,102,118,46,20,0,0,0,0,0,0,0,19,162,153,365,102,72,36,46,13,1,0,0,0,0,0
0,0,0,0,0,0,0,5,57,140,125,91,111,26,12,0,0,0,0,0,0,1,8,40,105,324,31,0,0,0,0,0,0,0,0,9,18,260,350,237,65,174,9,0,0,0,0,0,0,2,14,51,235,94,196,58,27,11,0,0,0,0,0,0
0,0,0,0,0,0,0,12,30,280,117,93,11,29,1,1,0,0,0,0,0,0,11,57,28,168,67,0,0,0,0,0,0,0,0,1,154,215,141,47,11,15,1,0,0,0,0,0,0,0,0,15,79,88,57,97,105,6,0,0,0,0,0,0
0,0,0,0,0,0,0,0,72,47,44,47,17,7,0,0,0,0,0,0,0,0,3,22,80,24,2,0,0,0,0,0,0,0,0,4,12,115,63,9,5,1,0,0,0,0,0,0,0,0,0,5,5,116,110,41,22,3,0,0,0,0,0,0
0,0,0,0,0,0,0,1,0,20,13,4,6,0,0,0,0,0,0,0,0,0,3,17,4,0,0,0,0,0,0,0,0,0,0,0,1,4,7,100,15,3,0,0,0,0,0,0,0,0,0,0,1,2,1,14,1,0,0,0,0,0,0,0
0,0,0,0,0,0,0,0,0,0,0,0,0,0,0,0,0,0,0,0,0,0,0,0,1,1,0,0,0,0,0,0,0,0,0,0,0,1,29,25,33,5,1,0,0,0,0,0,0,0,0,0,0,0,0,0,0,0,0,0,0,0,0,0
0,0,0,0,0,0,0,0,0,0,0,0,0,0,0,0,0,0,0,0,0,0,0,0,0,0,0,0,0,0,0,0,0,0,0,0,0,0,9,8,7,0,0,0,0,0,0,0,0,0,0,0,0,0,0,0,0,0,0,0,0,0,0,0
0,0,0,0,0,0,0,0,0,0,0,0,0,0,0,0,0,0,0,0,0,0,0,0,0,0,0,0,0,0,0,0,0,0,0,0,0,0,0,1,2,0,0,0,0,0,0,0,0,0,0,0,0,0,0,0,0,0,0,0,0,0,0,0
0,0,0,0,0,0,0,0,0,0,0,0,0,0,0,0,0,0,0,0,0,0,0,0,0,0,0,0,0,0,0,0,0,0,0,0,0,0,0,0,0,0,0,0,0,0,0,0,0,0,0,0,0,0,0,0,0,0,0,0,0,0,0,0
0,0,0,0,0,0,0,0,0,0,0,0,0,0,0,0,0,0,0,0,0,0,0,0,0,0,0,0,0,0,0,0,0,0,0,0,0,0,0,0,0,0,0,0,0,0,0,0,0,0,0,0,0,0,0,0,0,0,0,0,0,0,0,0
0,0,0,0,0,0,0,0,0,0,0,0,0,0,0,0,0,0,0,0,0,0,1,0,1,0,0,1,3,0,0,0,0,0,0,0,0,1,2,0,0,1,0,0,0,0,0,0,0,0,0,0,0,0,0,0,0,0,0,0,0,0,0,0
0,0,0,0,0,0,0,0,0,0,0,0,0,0,0,0,0,0,0,0,1,2,3,32,3,7,12,31,5,1,0,0,0,0,0,0,2,4,8,33,11,6,6,1,0,0,0,0,0,0,0,0,0,0,0,0,0,0,0,0,0,0,0,0
0,0,0,0,0,0,0,0,0,0,0,5,7,0,0,0,0,0,0,0,12,27,104,45,96,35,17,90,33,3,0,0,0,0,0,0,5,47,161,43,112,91,14,4,0,0,0,0,0,0,0,0,6,4,67,39,4,0,0,0,0,0,0,0
0,0,0,0,0,0,1,0,4,4,20,20,43,10,0,0,0,0,0,4,5,95,120,169,266,81,61,16,14,3,0,0,0,0,0,0,4,87,209,405,355,118,29,0,0,0,0,0,0,0,0,5,32,128,209,213,24,1,0,0,0,0,0,0
0,0,0,0,0,0,1,29,49,163,104,135,76,3,1,0,0,0,0,1,11,107,58,110,75,40,3,5,5,0,0,0,0,0,0,0,1,47,103,580,375,33,1,0,0,0,0,0,0,0,0,5,119,258,254,220,50,10,0,0,0,0,0,0
0,0,0,0,0,0,0,40,168,390,423,238,168,20,0,0,0,0,0,0,2,14,108,44,6,16,93,18,0,0,0,0,0,0,0,0,2,108,199,343,108,3,1,0,0,0,0,0,0,0,0,2,23,18,160,105,35,0,0,0,0,0,0,0
0,0,0,0,0,0,1,21,205,323,353,194,169,46,0,0,0,0,0,0,1,6,15,13,9,133,117,45,0,0,0,0,0,0,0,0,3,116,153,98,187,3,1,0,0,0,0,0,0,0,0,0,0,3,41,168,25,1,0,0,0,0,0,0
0,0,0,0,0,0,0,1,36,130,57,22,80,2,0,0,0,0,0,0,0,1,1,0,11,142,123,1,0,0,0,0,0,0,0,0,1,83,76,81,11,8,2,0,0,0,0,0,0,0,0,0,0,0,1,45,2,0,0,0,0,0,0,0
0,0,0,0,0,0,0,0,2,21,9,7,0,1,0,0,0,0,0,0,0,0,0,0,0,31,42,1,0,0,0,0,0,0,0,0,0,2,6,11,4,0,0,0,0,0,0,0,0,0,0,0,0,0,0,0,0,0,0,0,0,0,0,0
0,0,0,0,0,0,0,0,0,1,0,0,0,0,0,0,0,0,0,0,0,0,0,0,0,0,0,0,0,0,0,0,0,0,0,0,0,0,0,0,0,0,0,0,0,0,0,0,0,0,0,0,0,0,0,0,0,0,0,0,0,0,0,0
0,0,0,0,0,0,0,0,0,0,0,0,0,0,0,0,0,0,0,0,0,0,0,0,0,0,0,0,0,0,0,0,0,0,0,0,0,0,0,0,0,0,0,0,0,0,0,0,0,0,0,0,0,0,0,0,0,0,0,0,0,0,0,0
0,0,0,0,0,0,0,0,0,0,0,0,0,0,0,0,0,0,0,0,0,0,0,0,0,0,0,0,0,0,0,0,0,0,0,0,0,0,0,0,0,0,0,0,0,0,0,0,0,0,0,0,0,0,0,0,0,0,0,0,0,0,0,0
0,0,0,0,0,0,0,0,0,0,0,0,0,0,0,0,0,0,0,0,0,0,0,0,0,0,0,0,0,0,0,0,0,0,0,0,0,0,0,0,0,0,0,0,0,0,0,0,0,0,0,0,0,0,0,0,0,0,0,0,0,0,0,0
0,0,0,0,0,0,0,0,2,0,1,0,0,0,0,0,0,0,0,0,0,0,0,0,0,0,0,0,0,0,0,0,0,0,0,0,0,0,0,0,0,0,0,0,0,0,0,0,0,0,0,0,0,0,0,0,0,0,0,0,0,0,0,0
0,0,0,0,0,0,0,0,1,32,15,3,0,0,0,0,0,0,0,0,0,0,0,0,0,0,1,1,0,0,0,0,0,0,0,0,0,0,0,0,0,0,0,0,0,0,0,0,0,0,0,0,0,0,1,0,0,0,0,0,0,0,0,0
0,0,0,0,0,0,0,0,4,47,58,27,1,1,0,0,0,0,0,0,0,0,0,27,60,3,78,67,0,0,0,0,0,0,0,0,0,0,0,0,0,0,0,0,0,0,0,0,0,0,0,0,1,1,7,1,0,0,0,0,0,0,0,0
0,0,0,0,0,0,0,0,16,27,39,26,64,20,6,0,0,0,0,0,0,0,1,92,93,41,175,64,16,0,0,0,0,0,0,1,0,1,0,1,16,4,1,0,0,0,0,0,0,0,10,9,2,34,47,40,7,0,0,0,0,0,0,0
0,0,0,0,0,0,0,15,18,72,127,140,134,112,14,0,0,0,0,0,0,0,0,31,64,135,128,88,60,1,0,0,0,0,0,2,8,93,15,65,115,28,2,4,1,0,0,0,0,0,41,153,120,315,135,190,24,0,0,0,0,0,0,0
0,0,0,0,0,0,0,16,61,192,79,419,147,187,27,0,0,0,0,0,0,0,3,68,301,304,63,140,35,0,0,0,0,1,9,16,52,303,54,60,135,73,9,6,1,0,0,0,0,0,16,87,415,389,308,165,62,1,0,0,0,0,0,0
0,0,0,0,0,0,2,102,191,145,259,161,119,79,159,5,0,0,0,3,14,13,101,168,364,378,225,22,3,2,0,0,0,8,24,53,16,29,210,322,353,37,115,24,1,0,0,0,0,0,1,12,103,210,146,87,77,0,0,0,0,0,0,0
0,0,0,0,0,0,1,101,246,126,121,32,84,16,16,1,0,0,1,3,16,114,75,130,381,443,191,12,4,0,0,0,0,6,40,50,3,34,105,220,130,66,31,7,0,0,0,0,0,0,1,3,40,210,37,4,0,0,0,0,0,0,0,0
0,0,0,0,0,0,1,17,15,140,52,16,30,11,8,0,0,0,0,6,43,11,19,21,34,125,34,4,0,0,0,0,0,1,2,16,1,4,16,115,57,63,5,2,0,0,0,0,0,0,1,17,110,36,6,0,0,0,0,0,0,0,0,0
0,0,0,0,0,0,0,4,2,13,109,16,3,3,0,0,0,0,0,0,6,1,0,3,5,3,0,0,0,0,0,0,0,0,0,0,0,1,7,11,95,8,0,0,0,0,0,0,0,0,1,28,19,29,4,0,0,0,0,0,0,0,0,0
0,0,0,0,0,0,0,0,0,40,97,8,1,0,0,0,0,0,0,0,0,0,0,0,0,0,0,0,0,0,0,0,0,0,0,0,0,0,2,15,0,4,0,0,0,0,0,0,0,0,0,4,2,1,0,0,0,0,0,0,0,0,0,0
0,0,0,0,0,0,0,0,0,1,1,0,0,0,0,0,0,0,0,0,0,0,0,0,0,0,0,0,0,0,0,0,0,0,0,0,0,0,0,2,0,0,0,0,0,0,0,0,0,0,0,0,0,1,0,0,0,0,0,0,0,0,0,0
0,0,0,0,0,0,0,0,0,0,0,0,0,0,0,0,0,0,0,0,0,0,0,0,0,0,0,0,0,0,0,0,0,0,0,0,0,0,0,0,0,0,0,0,0,0,0,0,0,0,0,0,0,0,0,0,0,0,0,0,0,0,0,0
0,0,0,0,0,0,0,0,0,0,0,0,0,0,0,0,0,0,0,0,0,0,0,0,0,0,0,0,0,0,0,0,0,0,0,0,0,0,0,0,0,0,0,0,0,0,0,0,0,0,0,0,0,0,0,0,0,0,0,0,0,0,0,0
0,0,0,0,0,0,0,0,0,0,0,0,0,0,0,0,0,0,0,0,0,0,0,0,0,0,0,0,0,0,0,0,0,0,0,0,0,0,0,0,0,0,0,0,0,0,0,0,0,0,0,0,0,0,0,0,0,0,0,0,0,0,0,0
0,0,0,0,0,0,0,0,0,0,0,0,0,0,0,0,0,0,0,0,0,0,0,0,0,0,0,0,0,0,0,0,0,0,0,0,0,0,0,0,15,10,0,0,0,0,0,0,0,0,0,0,0,0,0,1,0,0,0,0,0,0,0,0
0,0,0,0,0,3,0,0,0,0,0,0,0,0,0,0,0,0,0,0,0,1,0,2,3,0,0,0,0,0,0,0,0,0,0,0,0,0,0,0,95,116,1,0,0,0,0,0,0,0,0,0,0,4,17,2,1,0,0,0,0,0,0,0
0,0,0,0,1,16,24,1,0,12,1,0,0,0,0,0,0,0,0,0,0,1,7,51,14,16,3,0,1,0,0,0,0,0,0,0,0,0,12,60,13,27,1,0,0,0,0,0,0,0,0,0,0,11,23,58,2,0,0,0,0,0,0,0
0,0,0,0,15,32,32,29,6,119,108,14,0,0,0,0,0,0,0,0,0,0,22,63,114,74,21,45,0,0,0,0,0,0,0,0,1,11,55,78,161,29,0,0,0,0,0,0,0,0,1,0,3,24,133,27,14,1,0,0,0,0,0,0
0,0,0,0,7,42,45,4,50,169,69,95,27,0,0,0,0,0,0,0,0,0,7,13,153,129,95,43,45,3,0,0,0,0,0,0,35,197,290,375,385,68,4,0,0,0,0,0,0,0,2,8,16,19,121,83,15,0,0,0,0,0,0,0
0,0,0,0,0,4,5,1,33,74,427,324,260,51,26,0,0,0,0,0,0,0,0,69,131,207,87,39,16,1,0,0,0,0,0,3,83,214,154,466,420,23,15,2,0,0,0,0,0,14,34,41,221,203,59,101,1,1,0,0,0,0,0,0
0,0,0,0,0,0,0,0,13,69,264,266,45,136,34,0,0,0,0,0,0,0,0,94,338,264,25,3,8,1,0,0,0,0,3,12,143,137,173,112,111,256,21,3,0,0,0,0,2,12,103,132,252,79,137,77,1,1,0,0,0,0,0,0
0,0,0,0,0,0,0,0,0,22,113,143,3,2,1,0,0,0,0,0,0,0,30,139,117,87,9,1,0,0,0,0,0,1,2,17,127,166,271,255,204,294,50,6,0,0,0,0,0,16,21,41,64,40,17,15,6,0,0,0,0,0,0,0
0,0,0,0,0,0,0,0,0,0,6,7,1,0,0,0,0,0,0,0,0,0,9,77,52,14,5,0,0,0,0,0,0,0,0,10,12,126,46,156,54,80,5,0,1,0,0,0,0,0,1,9,6,4,4,2,1,0,0,0,0,0,0,0
0,0,0,0,0,0,0,0,0,0,0,0,0,0,0,0,0,0,0,0,0,0,0,1,0,1,0,0,0,0,0,0,0,0,0,0,2,3,1,3,0,2,0,0,0,0,0,0,0,0,0,0,1,3,7,44,3,0,0,0,0,0,0,0
0,0,0,0,0,0,0,0,0,0,0,0,0,0,0,0,0,0,0,0,0,0,0,0,0,0,0,0,0,0,0,0,0,0,0,0,0,0,0,0,0,0,0,0,0,0,0,0,0,0,0,0,2,12,76,25,18,2,0,0,0,0,0,0
0,0,0,0,0,0,0,0,0,0,0,0,0,0,0,0,0,0,0,0,0,0,0,0,0,0,0,0,0,0,0,0,0,0,0,0,0,0,0,0,0,0,0,0,0,0,0,0,0,0,0,0,1,4,31,21,5,0,0,0,0,0,0,0
0,0,0,0,0,0,0,0,0,0,0,0,0,0,0,0,0,0,0,0,0,0,0,0,0,0,0,0,0,0,0,0,0,0,0,0,0,0,0,0,0,0,0,0,0,0,0,0,0,0,0,0,0,2,0,0,0,0,0,0,0,0,0,0
0,0,0,0,0,0,0,0,0,0,0,0,0,0,0,0,0,0,0,0,0,0,0,0,0,0,0,0,0,0,0,0,0,0,0,0,0,0,0,0,0,0,0,0,0,0,0,0,0,0,0,0,0,0,1,0,0,0,0,0,0,0,0,0
0,0,0,0,0,0,0,0,0,0,0,0,0,0,0,0,0,0,0,0,0,0,0,0,0,0,0,0,0,0,0,0,0,0,0,0,0,0,0,0,0,0,0,0,0,0,0,0,0,0,0,0,0,0,0,0,0,0,0,0,0,0,0,0
0,0,0,0,0,0,0,0,0,0,0,0,0,0,0,0,0,0,0,0,0,0,0,0,0,0,0,0,0,0,0,0,0,0,0,0,0,0,0,0,0,0,0,0,0,0,0,0,0,0,0,0,0,0,0,0,0,0,0,0,0,0,0,0
